Questions,Answers,Rudeness Rate,Politeness Rate,Frankness Rate
What is your greatest strength?,My greatest strength is my ability to quickly adapt to new situations and learn new skills.,1,10,0
What is your greatest weakness?,"My greatest weakness is sometimes taking on too much responsibility, but I am working on better delegation.",1,10,0
Why do you want to work for this company?,I admire your company's commitment to innovation and think my skills would be a great match for your team.,1,10,0
Can you tell me about yourself?,"I am a dedicated AI student with hands-on experience from my internship at AIM LAB, looking to apply my skills in a dynamic environment.",1,10,0
Where do you see yourself in five years?,"In five years, I see myself in a leadership role, helping to drive strategic AI initiatives in a forward-thinking company.",1,10,0
What motivates you to do your best work?,I am motivated by challenging projects and the opportunity to learn and grow professionally.,1,10,0
How do you handle stress and pressure?,"I handle stress by staying organized, prioritizing tasks, and taking breaks to recharge when needed.",1,10,0
Can you describe a difficult work situation and how you overcame it?,"In a project at AIM LAB, I encountered a data issue; I resolved it by conducting thorough research and consulting with colleagues.",1,10,0
How do you prioritize your work?,"I prioritize tasks based on deadlines and importance, using a combination of to-do lists and project management tools.",1,10,0
What are your salary expectations?,"My salary expectations are flexible and negotiable, based on the role and its responsibilities.",1,10,0
What makes you unique?,My unique combination of technical skills in AI and practical experience from my internship makes me a strong candidate.,1,10,0
How do you define success?,I define success as achieving set goals while maintaining a balanced and fulfilling personal and professional life.,1,10,0
Why are you leaving your current job?,I am seeking new challenges and opportunities for growth that align more closely with my career goals.,1,10,0
How do you work in a team?,"I work well in a team by communicating effectively, being open to feedback, and supporting my colleagues.",1,10,0
What are your career goals?,My career goal is to become a leading AI expert and contribute to groundbreaking projects in the tech industry.,1,10,0
How do you handle conflict at work?,"I handle conflict by addressing it directly, listening to all parties involved, and finding a mutually beneficial solution.",1,10,0
Can you give an example of a time you demonstrated leadership?,"At AIM LAB, I led a project team, coordinating tasks and ensuring timely completion of deliverables.",1,10,0
What is your greatest professional achievement?,My greatest achievement is developing a machine learning model that improved project efficiency at AIM LAB.,1,10,0
How do you stay current with industry trends?,"I stay current by reading industry publications, attending webinars",1,10,0
Can you describe your ideal work environment?,"My ideal work environment is collaborative, innovative, and offers opportunities for continuous learning.",1,10,0
What is your work style?,"My work style is detail-oriented, proactive, and focused on delivering high-quality results.",1,10,0
How do you approach problem-solving?,"I approach problem-solving by analyzing the issue, brainstorming solutions, and implementing the most effective one.",1,10,0
What do you like to do outside of work?,"Outside of work, I enjoy coding personal projects, reading about AI advancements, and playing chess.",1,10,0
How do you handle tight deadlines?,"I handle tight deadlines by staying organized, prioritizing tasks, and maintaining a clear focus on the end goal.",1,10,0
What are your technical skills?,"My technical skills include proficiency in Python, machine learning algorithms, data analysis, and AI model development.",1,10,0
How do you manage multiple projects simultaneously?,"I manage multiple projects by creating detailed plans, setting clear priorities, and regularly reviewing progress.",1,10,0
Can you describe a time you went above and beyond at work?,"At my previous internship, I volunteered to take on additional responsibilities to ensure a critical project was completed on time.",1,10,0
What do you know about our company?,"I know your company is a leader in AI innovation, with a strong commitment to research and development.",1,10,0
How do you handle feedback?,"I handle feedback by listening carefully, reflecting on the points made, and taking actionable steps to improve.",1,10,0
What is your experience with [specific tool/technology]?,"I have extensive experience with [specific tool/technology], having used it in various projects during my internship.",1,10,0
What are your hobbies?,"My hobbies include programming, reading about AI, and participating in tech meetups.",1,10,0
How do you ensure accuracy in your work?,"I ensure accuracy by double-checking my work, using verification tools, and seeking peer reviews.",1,10,0
Can you describe a project you worked on that you are proud of?,"I am proud of developing an AI model at AIM LAB that optimized resource allocation, significantly improving efficiency.",1,10,0
What do you think are the key qualities for success in this role?,"Key qualities for success include strong analytical skills, effective communication, and the ability to work collaboratively.",1,10,0
How do you handle repetitive tasks?,I handle repetitive tasks by finding ways to automate processes and maintaining a positive attitude.,1,10,0
What is your approach to continuous learning?,"My approach to continuous learning involves taking online courses, attending workshops, and staying updated with industry trends.",1,10,0
How do you deal with failure?,"I deal with failure by analyzing what went wrong, learning from the experience, and applying those lessons to future projects.",1,10,0
What is your experience with team collaboration tools?,"I have experience with various team collaboration tools like Slack, Trello, and Microsoft Teams, which I use to enhance team communication and project management.",1,10,0
Can you provide an example of how you improved a process at work?,"I improved a data processing workflow at my previous job by implementing a new automation script, reducing manual work and errors.",1,10,0
What is your approach to time management?,"My approach to time management includes setting clear goals, breaking tasks into manageable chunks, and using tools like calendars and to-do lists.",1,10,0
How do you ensure effective communication in a team?,"I ensure effective communication by being clear and concise, actively listening, and encouraging open dialogue.",1,10,0
What motivates you to join our company?,I am motivated by the opportunity to work with a talented team and contribute to innovative projects that align with my career aspirations.,1,10,0
How do you handle constructive criticism?,I handle constructive criticism by viewing it as an opportunity for growth and making improvements based on the feedback received.,1,10,0
Can you give an example of a successful project you managed?,"I successfully managed a project at my previous internship that involved developing an AI solution to optimize supply chain processes, resulting in significant cost savings.",1,10,0
How do you approach learning new technologies?,"I approach learning new technologies by dedicating time to study, experimenting with practical applications, and seeking mentorship when needed.",1,10,0
What is your experience with agile methodologies?,"I have experience with agile methodologies from my internship, where I participated in sprint planning, daily stand-ups, and retrospectives.",1,10,0
How do you handle ambiguity in projects?,"I handle ambiguity by seeking clarification, breaking down the problem into smaller tasks, and staying flexible to adapt as needed.",1,10,0
What is your experience with data analysis?,"I have extensive experience with data analysis, using tools like Python and R to clean, analyze, and visualize data for various projects.",1,10,0
How do you keep yourself organized?,"I keep myself organized by using project management tools, maintaining a structured schedule, and regularly reviewing my priorities.",1,10,0
What are your long-term professional aspirations?,"My long-term professional aspiration is to become a leading AI expert, driving innovation and making significant contributions to the field.",1,10,0
How do you like to spend your weekends?,"Weekends? Just chillin', maybe catchin' up on some sleep and hangin' with the crew.",1,7,8
What's your favorite way to unwind after work?,"Unwind? Just kick back with some Netflix and snacks, easy peasy.",1,7,9
How do you deal with difficult people?,Difficult folks? Just keep it cool and don't let 'em get under my skin.,7,4,8
What's your biggest pet peeve?,"Pet peeve? Definitely when people talk over others, like, c'mon man, take a turn.",5,5,9
How do you stay motivated during long projects?,"Motivation? Just keep my eyes on the prize and power through, one step at a time.",6,4,8
What's your favorite thing about working in tech?,"Favorite thing? Just the whole vibe, man. It's like living in the future.",5,5,9
How do you handle unexpected changes?,"Changes? Just roll with it, adapt, and keep movin' forward",4,5,9
What's your approach to learning new skills?,Learning? Just dive in headfirst and figure it out as I go.,4,5,8
How do you balance work and personal life?,Balance? Just make sure to clock out mentally and take time for myself.,4,5,8
What can you bring to our company?,Seriously? Isn't that what you should have figured out before calling me in?,9,1,0
Why did you leave your last job?,Because I was tired of dealing with clueless management. Simple as that.,8,2,0
Can you describe your biggest professional failure?,Why dig up old mistakes? Everyone screws up; it's not like it matters now.,8,2,0
How do you handle constructive criticism?,"Constructive criticism? Yeah, I usually ignore it because most people don't know what they're talking about.",6,3,2
What would your previous coworkers say about you?,"They'd probably say I'm a bit of a hard-ass, but who cares? I'm here to get results, not make friends.",7,3,9